{
  "locations": [
    {
      "id": 1,
      "name": "סופר-פארם דיזנגוף סנטר",
      "address": "דיזנגוף 50, תל אביב",
      "city": "תל אביב",
      "type": "store",
      "chain": "superpharm",
      "lat": 32.0753,
      "lng": 34.7748,
      "hours": "א-ה 8:00-22:00, ו 8:00-15:00"
    },
    {
      "id": 2,
      "name": "סופר-פארם גרנד קניון",
      "address": "גרנד קניון, חיפה",
      "city": "חיפה",
      "type": "store",
      "chain": "superpharm",
      "lat": 32.7874,
      "lng": 35.0144,
      "hours": "א-ה 9:00-22:00, ו 9:00-15:00"
    },
    {
      "id": 3,
      "name": "סופר-פארם קניון הנגב",
      "address": "קניון הנגב, באר שבע",
      "city": "באר שבע",
      "type": "store",
      "chain": "superpharm",
      "lat": 31.2518,
      "lng": 34.7913,
      "hours": "א-ה 9:00-21:00, ו 9:00-14:00"
    },
    {
      "id": 4,
      "name": "שופרסל דיל רמת אביב",
      "address": "איינשטיין 40, תל אביב",
      "city": "תל אביב",
      "type": "store",
      "chain": "shufersal",
      "lat": 32.1133,
      "lng": 34.8044,
      "hours": "א-ה 7:00-23:00, ו 7:00-15:00"
    },
    {
      "id": 5,
      "name": "שופרסל דיל ירושלים",
      "address": "קניון מלחה, ירושלים",
      "city": "ירושלים",
      "type": "store",
      "chain": "shufersal",
      "lat": 31.7515,
      "lng": 35.1875,
      "hours": "א-ה 7:00-22:00, ו 7:00-14:00"
    },
    {
      "id": 6,
      "name": "שופרסל דיל חיפה",
      "address": "קניון חיפה, חיפה",
      "city": "חיפה",
      "type": "store",
      "chain": "shufersal",
      "lat": 32.8031,
      "lng": 34.9821,
      "hours": "א-ה 7:00-23:00, ו 7:00-15:00"
    },
    {
      "id": 7,
      "name": "אופיס דיפו תל אביב",
      "address": "דרך השלום 25, תל אביב",
      "city": "תל אביב",
      "type": "store",
      "chain": "office_depot",
      "lat": 32.0695,
      "lng": 34.7920,
      "hours": "א-ה 9:00-19:00, ו 9:00-13:00"
    },
    {
      "id": 8,
      "name": "אופיס דיפו ירושלים",
      "address": "תלפיות, ירושלים",
      "city": "ירושלים",
      "type": "store",
      "chain": "office_depot",
      "lat": 31.7485,
      "lng": 35.2264,
      "hours": "א-ה 9:00-19:00, ו 9:00-13:00"
    },
    {
      "id": 9,
      "name": "הום סנטר ראשון לציון",
      "address": "אזור תעשייה, ראשון לציון",
      "city": "ראשון לציון",
      "type": "store",
      "chain": "home_center",
      "lat": 31.9642,
      "lng": 34.8048,
      "hours": "א-ה 8:00-20:00, ו 8:00-14:00"
    },
    {
      "id": 10,
      "name": "הום סנטר באר שבע",
      "address": "שדרות יצחק רגר, באר שבע",
      "city": "באר שבע",
      "type": "store",
      "chain": "home_center",
      "lat": 31.2516,
      "lng": 34.7915,
      "hours": "א-ה 8:00-20:00, ו 8:00-14:00"
    },
    {
      "id": 11,
      "name": "פלאפון תל אביב",
      "address": "רוטשילד 30, תל אביב",
      "city": "תל אביב",
      "type": "store",
      "chain": "pelephone",
      "lat": 32.0636,
      "lng": 34.7729,
      "hours": "א-ה 9:30-19:00, ו 9:00-13:00"
    },
    {
      "id": 12,
      "name": "פלאפון חיפה",
      "address": "שדרות הנשיא, חיפה",
      "city": "חיפה",
      "type": "store",
      "chain": "pelephone",
      "lat": 32.8101,
      "lng": 34.9801,
      "hours": "א-ה 9:30-19:00, ו 9:00-13:00"
    },
    {
      "id": 13,
      "name": "סלקום ירושלים",
      "address": "יפו 78, ירושלים",
      "city": "ירושלים",
      "type": "store",
      "chain": "cellcom",
      "lat": 31.7840,
      "lng": 35.2140,
      "hours": "א-ה 9:30-19:00, ו 9:00-13:00"
    },
    {
      "id": 14,
      "name": "סלקום תל אביב",
      "address": "קניון עזריאלי, תל אביב",
      "city": "תל אביב",
      "type": "store",
      "chain": "cellcom",
      "lat": 32.0744,
      "lng": 34.7922,
      "hours": "א-ה 9:30-22:00, ו 9:00-14:00"
    },
    {
      "id": 15,
      "name": "Batte-Re מפעל מיחזור",
      "address": "אזור תעשייה, דימונה",
      "city": "דימונה",
      "type": "facility",
      "chain": "batte_re",
      "lat": 31.0680,
      "lng": 35.0338,
      "hours": "א-ה 8:00-16:00",
      "description": "מפעל מיחזור סוללות - מקבל כמויות גדולות"
    },
    {
      "id": 16,
      "name": "RE-CAR מיחזור",
      "address": "אזור תעשייה, ערד",
      "city": "ערד",
      "type": "facility",
      "chain": "recar",
      "lat": 31.2590,
      "lng": 35.2128,
      "hours": "א-ה 7:00-15:00",
      "description": "מתקן מיחזור סוללות רכב וסוללות נטענות"
    },
    {
      "id": 17,
      "name": "M.I.L.I מיחזור",
      "address": "אזור תעשייה, אשדוד",
      "city": "אשדוד",
      "type": "facility",
      "chain": "mili",
      "lat": 31.8040,
      "lng": 34.6600,
      "hours": "א-ה 8:00-16:00",
      "description": "מרכז לוגיסטי לאיסוף ומיון סוללות"
    }
  ]
}
